函館市,はこだてし
小樽市,おたるし
旭川市,あさひかわし
室蘭市,むろらんし
釧路市,くしろし
帯広市,おびひろし
北見市,きたみし
夕張市,ゆうばりし
岩見沢市,いわみざわし
網走市,あばしりし
留萌市,るもいし
苫小牧市,とまこまいし
稚内市,わっかないし
美唄市,びばいし
芦別市,あしべつし
江別市,えべつし
赤平市,あかびらし
紋別市,もんべつし
士別市,しべつし
名寄市,なよろし
三笠市,みかさし
根室市,ねむろし
千歳市,ちとせし
滝川市,たきかわし
砂川市,すながわし
歌志内市,うたしないし
深川市,ふかがわし
富良野市,ふらのし
登別市,のぼりべつし
恵庭市,えにわし
伊達市,だてし
北広島市,きたひろしまし
石狩市,いしかりし
北斗市,ほくとし
青森市,あおもりし
弘前市,ひろさきし
八戸市,はちのへし
黒石市,くろいしし
五所川原市,ごしょがわらし
十和田市,とわだし
三沢市,みさわし
むつ市,むつし
つがる市,つがるし
平川市,ひらかわし
盛岡市,もりおかし
宮古市,みやこし
大船渡市,おおふなとし
花巻市,はなまきし
北上市,きたかみし
久慈市,くじし
遠野市,とおのし
一関市,いちのせきし
陸前高田市,りくぜんたかたし
釜石市,かまいしし
二戸市,にのへし
八幡平市,はちまんたいし
奥州市,おうしゅうし
滝沢市,たきざわし
,
石巻市,いしのまきし
塩竈市,しおがまし
気仙沼市,けせんぬまし
白石市,しろいしし
名取市,なとりし
角田市,かくだし
多賀城市,たがじょうし
岩沼市,いわぬまし
登米市,とめし
栗原市,くりはらし
東松島市,ひがしまつしまし
大崎市,おおさきし
富谷市,とみやし
秋田市,あきたし
能代市,のしろし
横手市,よこてし
大館市,おおだてし
男鹿市,おがし
湯沢市,ゆざわし
鹿角市,かづのし
由利本荘市,ゆりほんじょうし
潟上市,かたがみし
大仙市,だいせんし
北秋田市,きたあきたし
にかほ市,にかほし
仙北市,せんぼくし
山形市,やまがたし
米沢市,よねざわし
鶴岡市,つるおかし
酒田市,さかたし
新庄市,しんじょうし
寒河江市,さがえし
上山市,かみのやまし
村山市,むらやまし
長井市,ながいし
天童市,てんどうし
東根市,ひがしねし
尾花沢市,おばなざわし
南陽市,なんようし
福島市,ふくしまし
会津若松市,あいづわかまつし
郡山市,こおりやまし
いわき市,いわきし
白河市,しらかわし
須賀川市,すかがわし
喜多方市,きたかたし
相馬市,そうまし
二本松市,にほんまつし
田村市,たむらし
南相馬市,みなみそうまし
伊達市,だてし
本宮市,もとみやし
水戸市,みとし
日立市,ひたちし
土浦市,つちうらし
古河市,こがし
石岡市,いしおかし
結城市,ゆうきし
龍ケ崎市,りゅうがさきし
下妻市,しもつまし
常総市,じょうそうし
常陸太田市,ひたちおおたし
高萩市,たかはぎし
北茨城市,きたいばらきし
笠間市,かさまし
取手市,とりでし
牛久市,うしくし
つくば市,つくばし
ひたちなか市,ひたちなかし
鹿嶋市,かしまし
潮来市,いたこし
守谷市,もりやし
常陸大宮市,ひたちおおみやし
那珂市,なかし
筑西市,ちくせいし
坂東市,ばんどうし
稲敷市,いなしきし
かすみがうら市,かすみがうらし
桜川市,さくらがわし
神栖市,かみすし
行方市,なめがたし
鉾田市,ほこたし
つくばみらい市,つくばみらいし
小美玉市,おみたまし
宇都宮市,うつのみやし
足利市,あしかがし
栃木市,とちぎし
佐野市,さのし
鹿沼市,かぬまし
日光市,にっこうし
小山市,おやまし
真岡市,もおかし
大田原市,おおたわらし
矢板市,やいたし
那須塩原市,なすしおばらし
さくら市,さくらし
那須烏山市,なすからすやまし
下野市,しもつけし
前橋市,まえばしし
高崎市,たかさきし
桐生市,きりゅうし
伊勢崎市,いせさきし
太田市,おおたし
沼田市,ぬまたし
館林市,たてばやしし
渋川市,しぶかわし
藤岡市,ふじおかし
富岡市,とみおかし
安中市,あんなかし
みどり市,みどりし
,
川越市,かわごえし
熊谷市,くまがやし
川口市,かわぐちし
行田市,ぎょうだし
秩父市,ちちぶし
所沢市,ところざわし
飯能市,はんのうし
加須市,かぞし
本庄市,ほんじょうし
東松山市,ひがしまつやまし
春日部市,かすかべし
狭山市,さやまし
羽生市,はにゅうし
鴻巣市,こうのすし
深谷市,ふかやし
上尾市,あげおし
草加市,そうかし
越谷市,こしがやし
蕨市,わらびし
戸田市,とだし
入間市,いるまし
朝霞市,あさかし
志木市,しきし
和光市,わこうし
新座市,にいざし
桶川市,おけがわし
久喜市,くきし
北本市,きたもとし
八潮市,やしおし
富士見市,ふじみし
三郷市,みさとし
蓮田市,はすだし
坂戸市,さかどし
幸手市,さってし
鶴ヶ島市,つるがしまし
日高市,ひだかし
吉川市,よしかわし
ふじみ野市,ふじみのし
白岡市,しらおかし
,
銚子市,ちょうしし
市川市,いちかわし
船橋市,ふなばしし
館山市,たてやまし
木更津市,きさらづし
松戸市,まつどし
野田市,のだし
茂原市,もばらし
成田市,なりたし
佐倉市,さくらし
東金市,とうがねし
旭市,あさひし
習志野市,ならしのし
柏市,かしわし
勝浦市,かつうらし
市原市,いちはらし
流山市,ながれやまし
八千代市,やちよし
我孫子市,あびこし
鴨川市,かもがわし
鎌ケ谷市,かまがやし
君津市,きみつし
富津市,ふっつし
浦安市,うらやすし
四街道市,よつかいどうし
袖ケ浦市,そでがうらし
八街市,やちまたし
印西市,いんざいし
白井市,しろいし
富里市,とみさとし
南房総市,みなみぼうそうし
匝瑳市,そうさし
香取市,かとりし
山武市,さんむし
いすみ市,いすみし
大網白里市,おおあみしらさとし
特別区部,とくべつくぶ
八王子市,はちおうじし
立川市,たちかわし
武蔵野市,むさしのし
三鷹市,みたかし
青梅市,おうめし
府中市,ふちゅうし
昭島市,あきしまし
調布市,ちょうふし
町田市,まちだし
小金井市,こがねいし
小平市,こだいらし
日野市,ひのし
東村山市,ひがしむらやまし
国分寺市,こくぶんじし
国立市,くにたちし
福生市,ふっさし
狛江市,こまえし
東大和市,ひがしやまとし
清瀬市,きよせし
東久留米市,ひがしくるめし
武蔵村山市,むさしむらやまし
多摩市,たまし
稲城市,いなぎし
羽村市,はむらし
あきる野市,あきるのし
西東京市,にしとうきょうし
,
,
,
横須賀市,よこすかし
平塚市,ひらつかし
鎌倉市,かまくらし
藤沢市,ふじさわし
小田原市,おだわらし
茅ヶ崎市,ちがさきし
逗子市,ずしし
三浦市,みうらし
秦野市,はだのし
厚木市,あつぎし
大和市,やまとし
伊勢原市,いせはらし
海老名市,えびなし
座間市,ざまし
南足柄市,みなみあしがらし
綾瀬市,あやせし
,
長岡市,ながおかし
三条市,さんじょうし
柏崎市,かしわざきし
新発田市,しばたし
小千谷市,おぢやし
加茂市,かもし
十日町市,とおかまちし
見附市,みつけし
村上市,むらかみし
燕市,つばめし
糸魚川市,いといがわし
妙高市,みょうこうし
五泉市,ごせんし
上越市,じょうえつし
阿賀野市,あがのし
佐渡市,さどし
魚沼市,うおぬまし
南魚沼市,みなみうおぬまし
胎内市,たいないし
富山市,とやまし
高岡市,たかおかし
魚津市,うおづし
氷見市,ひみし
滑川市,なめりかわし
黒部市,くろべし
砺波市,となみし
小矢部市,おやべし
南砺市,なんとし
射水市,いみずし
金沢市,かなざわし
七尾市,ななおし
小松市,こまつし
輪島市,わじまし
珠洲市,すずし
加賀市,かがし
羽咋市,はくいし
かほく市,かほくし
白山市,はくさんし
能美市,のみし
野々市市,ののいちし
福井市,ふくいし
敦賀市,つるがし
小浜市,おばまし
大野市,おおのし
勝山市,かつやまし
鯖江市,さばえし
あわら市,あわらし
越前市,えちぜんし
坂井市,さかいし
甲府市,こうふし
富士吉田市,ふじよしだし
都留市,つるし
山梨市,やまなしし
大月市,おおつきし
韮崎市,にらさきし
南アルプス市,みなみあるぷすし
北杜市,ほくとし
甲斐市,かいし
笛吹市,ふえふきし
上野原市,うえのはらし
甲州市,こうしゅうし
中央市,ちゅうおうし
長野市,ながのし
松本市,まつもとし
上田市,うえだし
岡谷市,おかやし
飯田市,いいだし
諏訪市,すわし
須坂市,すざかし
小諸市,こもろし
伊那市,いなし
駒ヶ根市,こまがねし
中野市,なかのし
大町市,おおまちし
飯山市,いいやまし
茅野市,ちのし
塩尻市,しおじりし
佐久市,さくし
千曲市,ちくまし
東御市,とうみし
安曇野市,あづみのし
岐阜市,ぎふし
大垣市,おおがきし
高山市,たかやまし
多治見市,たじみし
関市,せきし
中津川市,なかつがわし
美濃市,みのし
瑞浪市,みずなみし
羽島市,はしまし
恵那市,えなし
美濃加茂市,みのかもし
土岐市,ときし
各務原市,かかみがはらし
可児市,かにし
山県市,やまがたし
瑞穂市,みずほし
飛騨市,ひだし
本巣市,もとすし
郡上市,ぐじょうし
下呂市,げろし
海津市,かいづし
,
,
沼津市,ぬまづし
熱海市,あたみし
三島市,みしまし
富士宮市,ふじのみやし
伊東市,いとうし
島田市,しまだし
富士市,ふじし
磐田市,いわたし
焼津市,やいづし
掛川市,かけがわし
藤枝市,ふじえだし
御殿場市,ごてんばし
袋井市,ふくろいし
下田市,しもだし
裾野市,すそのし
湖西市,こさいし
伊豆市,いずし
御前崎市,おまえざきし
菊川市,きくがわし
伊豆の国市,いずのくにし
牧之原市,まきのはらし
,
豊橋市,とよはしし
岡崎市,おかざきし
一宮市,いちのみやし
瀬戸市,せとし
半田市,はんだし
春日井市,かすがいし
豊川市,とよかわし
津島市,つしまし
碧南市,へきなんし
刈谷市,かりやし
豊田市,とよたし
安城市,あんじょうし
西尾市,にしおし
蒲郡市,がまごおりし
犬山市,いぬやまし
常滑市,とこなめし
江南市,こうなんし
小牧市,こまきし
稲沢市,いなざわし
新城市,しんしろし
東海市,とうかいし
大府市,おおぶし
知多市,ちたし
知立市,ちりゅうし
尾張旭市,おわりあさひし
高浜市,たかはまし
岩倉市,いわくらし
豊明市,とよあけし
日進市,にっしんし
田原市,たはらし
愛西市,あいさいし
清須市,きよすし
北名古屋市,きたなごやし
弥富市,やとみし
みよし市,みよしし
あま市,あまし
長久手市,ながくてし
津市,つし
四日市市,よっかいちし
伊勢市,いせし
松阪市,まつさかし
桑名市,くわなし
鈴鹿市,すずかし
名張市,なばりし
尾鷲市,おわせし
亀山市,かめやまし
鳥羽市,とばし
熊野市,くまのし
いなべ市,いなべし
志摩市,しまし
伊賀市,いがし
大津市,おおつし
彦根市,ひこねし
長浜市,ながはまし
近江八幡市,おうみはちまんし
草津市,くさつし
守山市,もりやまし
栗東市,りっとうし
甲賀市,こうかし
野洲市,やすし
湖南市,こなんし
高島市,たかしまし
東近江市,ひがしおうみし
米原市,まいばらし
,
福知山市,ふくちやまし
舞鶴市,まいづるし
綾部市,あやべし
宇治市,うじし
宮津市,みやづし
亀岡市,かめおかし
城陽市,じょうようし
向日市,むこうし
長岡京市,ながおかきょうし
八幡市,やわたし
京田辺市,きょうたなべし
京丹後市,きょうたんごし
南丹市,なんたんし
木津川市,きづがわし
,
,
岸和田市,きしわだし
豊中市,とよなかし
池田市,いけだし
吹田市,すいたし
泉大津市,いずみおおつし
高槻市,たかつきし
貝塚市,かいづかし
守口市,もりぐちし
枚方市,ひらかたし
茨木市,いばらきし
八尾市,やおし
泉佐野市,いずみさのし
富田林市,とんだばやしし
寝屋川市,ねやがわし
河内長野市,かわちながのし
松原市,まつばらし
大東市,だいとうし
和泉市,いずみし
箕面市,みのおし
柏原市,かしわらし
羽曳野市,はびきのし
門真市,かどまし
摂津市,せっつし
高石市,たかいしし
藤井寺市,ふじいでらし
東大阪市,ひがしおおさかし
泉南市,せんなんし
四條畷市,しじょうなわてし
交野市,かたのし
大阪狭山市,おおさかさやまし
阪南市,はんなんし
,
姫路市,ひめじし
尼崎市,あまがさきし
明石市,あかしし
西宮市,にしのみやし
洲本市,すもとし
芦屋市,あしやし
伊丹市,いたみし
相生市,あいおいし
豊岡市,とよおかし
加古川市,かこがわし
赤穂市,あこうし
西脇市,にしわきし
宝塚市,たからづかし
三木市,みきし
高砂市,たかさごし
川西市,かわにしし
小野市,おのし
三田市,さんだし
加西市,かさいし
丹波篠山市,たんばささやまし
養父市,やぶし
丹波市,たんばし
南あわじ市,みなみあわじし
朝来市,あさごし
淡路市,あわじし
宍粟市,しそうし
加東市,かとうし
たつの市,たつのし
奈良市,ならし
大和高田市,やまとたかだし
大和郡山市,やまとこおりやまし
天理市,てんりし
橿原市,かしはらし
桜井市,さくらいし
五條市,ごじょうし
御所市,ごせし
生駒市,いこまし
香芝市,かしばし
葛城市,かつらぎし
宇陀市,うだし
和歌山市,わかやまし
海南市,かいなんし
橋本市,はしもとし
有田市,ありだし
御坊市,ごぼうし
田辺市,たなべし
新宮市,しんぐうし
紀の川市,きのかわし
岩出市,いわでし
鳥取市,とっとりし
米子市,よなごし
倉吉市,くらよしし
境港市,さかいみなとし
松江市,まつえし
浜田市,はまだし
出雲市,いずもし
益田市,ますだし
大田市,おおだし
安来市,やすぎし
江津市,ごうつし
雲南市,うんなんし
,
倉敷市,くらしきし
津山市,つやまし
玉野市,たまのし
笠岡市,かさおかし
井原市,いばらし
総社市,そうじゃし
高梁市,たかはしし
新見市,にいみし
備前市,びぜんし
瀬戸内市,せとうちし
赤磐市,あかいわし
真庭市,まにわし
美作市,みまさかし
浅口市,あさくちし
,
呉市,くれし
竹原市,たけはらし
三原市,みはらし
尾道市,おのみちし
福山市,ふくやまし
府中市,ふちゅうし
三次市,みよしし
庄原市,しょうばらし
大竹市,おおたけし
東広島市,ひがしひろしまし
廿日市市,はつかいちし
安芸高田市,あきたかたし
江田島市,えたじまし
下関市,しものせきし
宇部市,うべし
山口市,やまぐちし
萩市,はぎし
防府市,ほうふし
下松市,くだまつし
岩国市,いわくにし
光市,ひかりし
長門市,ながとし
柳井市,やないし
美祢市,みねし
周南市,しゅうなんし
山陽小野田市,さんようおのだし
徳島市,とくしまし
鳴門市,なるとし
小松島市,こまつしまし
阿南市,あなんし
吉野川市,よしのがわし
阿波市,あわし
美馬市,みまし
三好市,みよしし
高松市,たかまつし
丸亀市,まるがめし
坂出市,さかいでし
善通寺市,ぜんつうじし
観音寺市,かんおんじし
さぬき市,さぬきし
東かがわ市,ひがしかがわし
三豊市,みとよし
松山市,まつやまし
今治市,いまばりし
宇和島市,うわじまし
八幡浜市,やわたはまし
新居浜市,にいはまし
西条市,さいじょうし
大洲市,おおずし
伊予市,いよし
四国中央市,しこくちゅうおうし
西予市,せいよし
東温市,とうおんし
高知市,こうちし
室戸市,むろとし
安芸市,あきし
南国市,なんこくし
土佐市,とさし
須崎市,すさきし
宿毛市,すくもし
土佐清水市,とさしみずし
四万十市,しまんとし
香南市,こうなんし
香美市,かみし
,
,
大牟田市,おおむたし
久留米市,くるめし
直方市,のおがたし
飯塚市,いいづかし
田川市,たがわし
柳川市,やながわし
八女市,やめし
筑後市,ちくごし
大川市,おおかわし
行橋市,ゆくはしし
豊前市,ぶぜんし
中間市,なかまし
小郡市,おごおりし
筑紫野市,ちくしのし
春日市,かすがし
大野城市,おおのじょうし
宗像市,むなかたし
太宰府市,だざいふし
古賀市,こがし
福津市,ふくつし
うきは市,うきはし
宮若市,みやわかし
嘉麻市,かまし
朝倉市,あさくらし
みやま市,みやまし
糸島市,いとしまし
那珂川市,なかがわし
佐賀市,さがし
唐津市,からつし
鳥栖市,とすし
多久市,たくし
伊万里市,いまりし
武雄市,たけおし
鹿島市,かしまし
小城市,おぎし
嬉野市,うれしのし
神埼市,かんざきし
長崎市,ながさきし
佐世保市,させぼし
島原市,しまばらし
諫早市,いさはやし
大村市,おおむらし
平戸市,ひらどし
松浦市,まつうらし
対馬市,つしまし
壱岐市,いきし
五島市,ごとうし
西海市,さいかいし
雲仙市,うんぜんし
南島原市,みなみしまばらし
,
八代市,やつしろし
人吉市,ひとよしし
荒尾市,あらおし
水俣市,みなまたし
玉名市,たまなし
山鹿市,やまがし
菊池市,きくちし
宇土市,うとし
上天草市,かみあまくさし
宇城市,うきし
阿蘇市,あそし
天草市,あまくさし
合志市,こうしし
大分市,おおいたし
別府市,べっぷし
中津市,なかつし
日田市,ひたし
佐伯市,さいきし
臼杵市,うすきし
津久見市,つくみし
竹田市,たけたし
豊後高田市,ぶんごたかだし
杵築市,きつきし
宇佐市,うさし
豊後大野市,ぶんごおおのし
由布市,ゆふし
国東市,くにさきし
宮崎市,みやざきし
都城市,みやこのじょうし
延岡市,のべおかし
日南市,にちなんし
小林市,こばやしし
日向市,ひゅうがし
串間市,くしまし
西都市,さいとし
えびの市,えびのし
鹿児島市,かごしまし
鹿屋市,かのやし
枕崎市,まくらざきし
阿久根市,あくねし
出水市,いずみし
指宿市,いぶすきし
西之表市,にしのおもてし
垂水市,たるみずし
薩摩川内市,さつませんだいし
日置市,ひおきし
曽於市,そおし
霧島市,きりしまし
いちき串木野市,いちきくしきのし
南さつま市,みなみさつまし
志布志市,しぶしし
奄美市,あまみし
南九州市,みなみきゅうしゅうし
伊佐市,いさし
姶良市,あいらし
那覇市,なはし
宜野湾市,ぎのわんし
石垣市,いしがきし
浦添市,うらそえし
名護市,なごし
糸満市,いとまんし
沖縄市,おきなわし
豊見城市,とみぐすくし
うるま市,うるまし
宮古島市,みやこじまし
南城市,なんじょうし
