松前町,まつまえちょう
福島町,ふくしまちょう
知内町,しりうちちょう
木古内町,きこないちょう
森町,もりまち
八雲町,やくもちょう
長万部町,おしゃまんべちょう
江差町,えさしちょう
上ノ国町,かみのくにちょう
厚沢部町,あっさぶちょう
乙部町,おとべちょう
奥尻町,おくしりちょう
今金町,いまかねちょう
せたな町,せたなちょう
島牧村,しままきむら
寿都町,すっつちょう
黒松内町,くろまつないちょう
蘭越町,らんこしちょう
ニセコ町,にせこちょう
真狩村,まっかりむら
留寿都村,るすつむら
喜茂別町,きもべつちょう
共和町,きょうわちょう
岩内町,いわないちょう
神恵内村,かもえないむら
積丹町,しゃこたんちょう
古平町,ふるびらちょう
仁木町,にきちょう
余市町,よいちちょう
赤井川村,あかいがわむら
奈井江町,ないえちょう
上砂川町,かみすながわちょう
由仁町,ゆにちょう
長沼町,ながぬまちょう
栗山町,くりやまちょう
月形町,つきがたちょう
浦臼町,うらうすちょう
新十津川町,しんとつかわちょう
妹背牛町,もせうしちょう
秩父別町,ちっぷべつちょう
雨竜町,うりゅうちょう
北竜町,ほくりゅうちょう
沼田町,ぬまたちょう
鷹栖町,たかすちょう
当麻町,とうまちょう
比布町,ぴっぷちょう
愛別町,あいべつちょう
上川町,かみかわちょう
美瑛町,びえいちょう
上富良野町,かみふらのちょう
中富良野町,なかふらのちょう
南富良野町,みなみふらのちょう
占冠村,しむかっぷむら
和寒町,わっさむちょう
剣淵町,けんぶちちょう
下川町,しもかわちょう
美深町,びふかちょう
音威子府村,おといねっぷむら
中川町,なかがわちょう
幌加内町,ほろかないちょう
増毛町,ましけちょう
小平町,おびらちょう
苫前町,とままえちょう
羽幌町,はぼろちょう
初山別村,しょさんべつむら
遠別町,えんべつちょう
天塩町,てしおちょう
猿払村,さるふつむら
浜頓別町,はまとんべつちょう
中頓別町,なかとんべつちょう
枝幸町,えさしちょう
豊富町,とよとみちょう
礼文町,れぶんちょう
利尻町,りしりちょう
利尻富士町,りしりふじちょう
幌延町,ほろのべちょう
美幌町,びほろちょう
津別町,つべつちょう
斜里町,しゃりちょう
清里町,きよさとちょう
小清水町,こしみずちょう
訓子府町,くんねっぷちょう
置戸町,おけとちょう
佐呂間町,さろまちょう
遠軽町,えんがるちょう
湧別町,ゆうべつちょう
滝上町,たきのうえちょう
興部町,おこっぺちょう
西興部村,にしおこっぺむら
雄武町,おうむちょう
大空町,おおぞらちょう
豊浦町,とようらちょう
壮瞥町,そうべつちょう
白老町,しらおいちょう
厚真町,あつまちょう
洞爺湖町,とうやこちょう
安平町,あびらちょう
むかわ町,むかわちょう
日高町,ひだかちょう
平取町,びらとりちょう
新冠町,にいかっぷちょう
浦河町,うらかわちょう
様似町,さまにちょう
えりも町,えりもちょう
新ひだか町,しんひだかちょう
上士幌町,かみしほろちょう
鹿追町,しかおいちょう
新得町,しんとくちょう
清水町,しみずちょう
更別村,さらべつむら
大樹町,たいきちょう
広尾町,ひろおちょう
幕別町,まくべつちょう
池田町,いけだちょう
豊頃町,とよころちょう
本別町,ほんべつちょう
足寄町,あしょろちょう
陸別町,りくべつちょう
浦幌町,うらほろちょう
厚岸町,あっけしちょう
浜中町,はまなかちょう
標茶町,しべちゃちょう
弟子屈町,てしかがちょう
鶴居村,つるいむら
白糠町,しらぬかちょう
標津町,しべつちょう
羅臼町,らうすちょう
平内町,ひらないまち
今別町,いまべつまち
蓬田村,よもぎたむら
外ヶ浜町,そとがはままち
鰺ヶ沢町,あじがさわまち
深浦町,ふかうらまち
西目屋村,にしめやむら
大鰐町,おおわにまち
板柳町,いたやなぎまち
中泊町,なかどまりまち
野辺地町,のへじまち
七戸町,しちのへまち
横浜町,よこはままち
東北町,とうほくまち
大間町,おおままち
風間浦村,かざまうらむら
佐井村,さいむら
三戸町,さんのへまち
五戸町,ごのへまち
田子町,たっこまち
南部町,なんぶちょう
新郷村,しんごうむら
葛巻町,くずまきまち
岩手町,いわてまち
西和賀町,にしわがまち
住田町,すみたちょう
大槌町,おおつちちょう
山田町,やまだまち
岩泉町,いわいずみちょう
田野畑村,たのはたむら
普代村,ふだいむら
軽米町,かるまいまち
野田村,のだむら
九戸村,くのへむら
洋野町,ひろのちょう
一戸町,いちのへまち
七ヶ宿町,しちかしゅくまち
丸森町,まるもりまち
山元町,やまもとちょう
加美町,かみまち
美里町,みさとまち
南三陸町,みなみさんりくちょう
小坂町,こさかまち
上小阿仁村,かみこあにむら
藤里町,ふじさとまち
三種町,みたねちょう
八峰町,はっぽうちょう
五城目町,ごじょうめまち
八郎潟町,はちろうがたまち
井川町,いかわまち
美郷町,みさとちょう
羽後町,うごまち
東成瀬村,ひがしなるせむら
西川町,にしかわまち
朝日町,あさひまち
大江町,おおえまち
大石田町,おおいしだまち
金山町,かねやままち
最上町,もがみまち
舟形町,ふながたまち
真室川町,まむろがわまち
大蔵村,おおくらむら
鮭川村,さけがわむら
戸沢村,とざわむら
川西町,かわにしまち
小国町,おぐにまち
白鷹町,しらたかまち
飯豊町,いいでまち
庄内町,しょうないまち
遊佐町,ゆざまち
川俣町,かわまたまち
下郷町,しもごうまち
檜枝岐村,ひのえまたむら
只見町,ただみまち
南会津町,みなみあいづまち
北塩原村,きたしおばらむら
西会津町,にしあいづまち
磐梯町,ばんだいまち
猪苗代町,いなわしろまち
柳津町,やないづまち
三島町,みしままち
金山町,かねやままち
昭和村,しょうわむら
会津美里町,あいづみさとまち
矢祭町,やまつりまち
塙町,はなわまち
鮫川村,さめがわむら
石川町,いしかわまち
平田村,ひらたむら
古殿町,ふるどのまち
小野町,おのまち
川内村,かわうちむら
浪江町,なみえまち
葛尾村,かつらおむら
飯舘村,いいたてむら
城里町,しろさとまち
大子町,だいごまち
利根町,とねまち
茂木町,もてぎまち
塩谷町,しおやまち
那珂川町,なかがわまち
神流町,かんなまち
下仁田町,しもにたまち
南牧村,なんもくむら
中之条町,なかのじょうまち
長野原町,ながのはらまち
東吾妻町,ひがしあがつままち
片品村,かたしなむら
みなかみ町,みなかみまち
小鹿野町,おがのまち
東秩父村,ひがしちちぶむら
神川町,かみかわまち
東庄町,とうのしょうまち
長南町,ちょうなんまち
大多喜町,おおたきまち
鋸南町,きょなんまち
檜原村,ひのはらむら
奥多摩町,おくたままち
大島町,おおしままち
新島村,にいじまむら
三宅村,みやけむら
八丈町,はちじょうまち
青ヶ島村,あおがしまむら
真鶴町,まなづるまち
阿賀町,あがまち
出雲崎町,いずもざきまち
津南町,つなんまち
関川村,せきかわむら
粟島浦村,あわしまうらむら
朝日町,あさひまち
志賀町,しかまち
宝達志水町,ほうだつしみずちょう
中能登町,なかのとまち
穴水町,あなみずまち
能登町,のとちょう
池田町,いけだちょう
南越前町,みなみえちぜんちょう
越前町,えちぜんちょう
市川三郷町,いちかわみさとちょう
早川町,はやかわちょう
身延町,みのぶちょう
南部町,なんぶちょう
富士川町,ふじかわちょう
道志村,どうしむら
小菅村,こすげむら
丹波山村,たばやまむら
小海町,こうみまち
北相木村,きたあいきむら
佐久穂町,さくほまち
長和町,ながわまち
中川村,なかがわむら
阿南町,あなんちょう
阿智村,あちむら
平谷村,ひらやむら
根羽村,ねばむら
売木村,うるぎむら
天龍村,てんりゅうむら
泰阜村,やすおかむら
大鹿村,おおしかむら
上松町,あげまつまち
南木曽町,なぎそまち
木祖村,きそむら
王滝村,おうたきむら
大桑村,おおくわむら
木曽町,きそまち
麻績村,おみむら
生坂村,いくさかむら
筑北村,ちくほくむら
小谷村,おたりむら
山ノ内町,やまのうちまち
木島平村,きじまだいらむら
野沢温泉村,のざわおんせんむら
信濃町,しなのまち
小川村,おがわむら
飯綱町,いいづなまち
栄村,さかえむら
関ケ原町,せきがはらちょう
揖斐川町,いびがわちょう
七宗町,ひちそうちょう
八百津町,やおつちょう
白川町,しらかわちょう
東白川村,ひがししらかわむら
白川村,しらかわむら
河津町,かわづちょう
南伊豆町,みなみいずちょう
松崎町,まつざきちょう
西伊豆町,にしいずちょう
川根本町,かわねほんちょう
設楽町,したらちょう
東栄町,とうえいちょう
豊根村,とよねむら
大台町,おおだいちょう
大紀町,たいきちょう
南伊勢町,みなみいせちょう
紀北町,きほくちょう
笠置町,かさぎちょう
和束町,わづかちょう
南山城村,みなみやましろむら
京丹波町,きょうたんばちょう
伊根町,いねちょう
与謝野町,よさのちょう
岬町,みさきちょう
千早赤阪村,ちはやあかさかむら
多可町,たかちょう
神河町,かみかわちょう
佐用町,さようちょう
香美町,かみちょう
新温泉町,しんおんせんちょう
山添村,やまぞえむら
三宅町,みやけちょう
曽爾村,そにむら
御杖村,みつえむら
明日香村,あすかむら
吉野町,よしのちょう
下市町,しもいちちょう
黒滝村,くろたきむら
天川村,てんかわむら
野迫川村,のせがわむら
十津川村,とつかわむら
下北山村,しもきたやまむら
上北山村,かみきたやまむら
川上村,かわかみむら
東吉野村,ひがしよしのむら
紀美野町,きみのちょう
かつらぎ町,かつらぎちょう
九度山町,くどやまちょう
高野町,こうやちょう
湯浅町,ゆあさちょう
有田川町,ありだがわちょう
由良町,ゆらちょう
印南町,いなみちょう
日高川町,ひだかがわちょう
白浜町,しらはまちょう
すさみ町,すさみちょう
那智勝浦町,なちかつうらちょう
太地町,たいじちょう
古座川町,こざがわちょう
北山村,きたやまむら
串本町,くしもとちょう
岩美町,いわみちょう
若桜町,わかさちょう
智頭町,ちづちょう
八頭町,やずちょう
三朝町,みささちょう
湯梨浜町,ゆりはまちょう
琴浦町,ことうらちょう
北栄町,ほくえいちょう
大山町,だいせんちょう
伯耆町,ほうきちょう
日南町,にちなんちょう
日野町,ひのちょう
江府町,こうふちょう
奥出雲町,おくいずもちょう
飯南町,いいなんちょう
川本町,かわもとまち
美郷町,みさとちょう
邑南町,おおなんちょう
津和野町,つわのちょう
吉賀町,よしかちょう
海士町,あまちょう
西ノ島町,にしのしまちょう
知夫村,ちぶむら
隠岐の島町,おきのしまちょう
和気町,わけちょう
矢掛町,やかげちょう
新庄村,しんじょうそん
鏡野町,かがみのちょう
奈義町,なぎちょう
西粟倉村,にしあわくらそん
久米南町,くめなんちょう
美咲町,みさきちょう
吉備中央町,きびちゅうおうちょう
安芸太田町,あきおおたちょう
北広島町,きたひろしまちょう
大崎上島町,おおさきかみじまちょう
世羅町,せらちょう
神石高原町,じんせきこうげんちょう
周防大島町,すおうおおしまちょう
上関町,かみのせきちょう
阿武町,あぶちょう
勝浦町,かつうらちょう
上勝町,かみかつちょう
佐那河内村,さなごうちそん
神山町,かみやまちょう
那賀町,なかちょう
牟岐町,むぎちょう
美波町,みなみちょう
海陽町,かいようちょう
つるぎ町,つるぎちょう
土庄町,とのしょうちょう
小豆島町,しょうどしまちょう
直島町,なおしまちょう
綾川町,あやがわちょう
琴平町,ことひらちょう
まんのう町,まんのうちょう
上島町,かみじまちょう
久万高原町,くまこうげんちょう
砥部町,とべちょう
内子町,うちこちょう
伊方町,いかたちょう
松野町,まつのちょう
鬼北町,きほくちょう
愛南町,あいなんちょう
東洋町,とうようちょう
奈半利町,なはりちょう
田野町,たのちょう
安田町,やすだちょう
北川村,きたがわむら
馬路村,うまじむら
本山町,もとやまちょう
大豊町,おおとよちょう
土佐町,とさちょう
大川村,おおかわむら
いの町,いのちょう
仁淀川町,によどがわちょう
中土佐町,なかとさちょう
越知町,おちちょう
檮原町,ゆすはらちょう
津野町,つのちょう
四万十町,しまんとちょう
大月町,おおつきちょう
三原村,みはらむら
黒潮町,くろしおちょう
芦屋町,あしやまち
小竹町,こたけまち
鞍手町,くらてまち
東峰村,とうほうむら
香春町,かわらまち
添田町,そえだまち
川崎町,かわさきまち
大任町,おおとうまち
赤村,あかむら
福智町,ふくちまち
みやこ町,みやこまち
上毛町,こうげまち
築上町,ちくじょうまち
有田町,ありたちょう
大町町,おおまちちょう
江北町,こうほくまち
白石町,しろいしちょう
太良町,たらちょう
小値賀町,おぢかちょう
新上五島町,しんかみごとうちょう
美里町,みさとまち
南関町,なんかんまち
和水町,なごみまち
南小国町,みなみおぐにまち
小国町,おぐにまち
産山村,うぶやまむら
高森町,たかもりまち
南阿蘇村,みなみあそむら
甲佐町,こうさまち
山都町,やまとちょう
芦北町,あしきたまち
津奈木町,つなぎまち
多良木町,たらぎまち
湯前町,ゆのまえまち
水上村,みずかみむら
相良村,さがらむら
五木村,いつきむら
山江村,やまえむら
球磨村,くまむら
あさぎり町,あさぎりちょう
苓北町,れいほくまち
姫島村,ひめしまむら
九重町,ここのえまち
玖珠町,くすまち
高原町,たかはるちょう
西米良村,にしめらそん
都農町,つのちょう
諸塚村,もろつかそん
椎葉村,しいばそん
美郷町,みさとちょう
高千穂町,たかちほちょう
日之影町,ひのかげちょう
五ヶ瀬町,ごかせちょう
三島村,みしまむら
十島村,としまむら
さつま町,さつまちょう
長島町,ながしまちょう
湧水町,ゆうすいちょう
大崎町,おおさきちょう
東串良町,ひがしくしらちょう
錦江町,きんこうちょう
南大隅町,みなみおおすみちょう
肝付町,きもつきちょう
中種子町,なかたねちょう
南種子町,みなみたねちょう
屋久島町,やくしまちょう
大和村,やまとそん
宇検村,うけんそん
瀬戸内町,せとうちちょう
龍郷町,たつごうちょう
喜界町,きかいちょう
徳之島町,とくのしまちょう
天城町,あまぎちょう
伊仙町,いせんちょう
和泊町,わどまりちょう
知名町,ちなちょう
与論町,よろんちょう
国頭村,くにがみそん
大宜味村,おおぎみそん
東村,ひがしそん
本部町,もとぶちょう
伊江村,いえそん
渡嘉敷村,とかしきそん
座間味村,ざまみそん
粟国村,あぐにそん
渡名喜村,となきそん
南大東村,みなみだいとうそん
伊平屋村,いへやそん
伊是名村,いぜなそん
久米島町,くめじまちょう
多良間村,たらまそん
与那国町,よなぐにちょう
